attr1,attr2,TPR_diff,FPR_diff
SEX,MAR,0.08877891,0.15186642
AGEP,SEX,0.20793104,0.18680486
RAC1P,SEX,0.124334514,0.073060304
