subgroup1,subgroup2,feature,feature description,u-test statistic,mwu_p,effect_size,mean_diff,attr1,attr2
DIS_2_SEX_1,DIS_2_SEX_2,NAICSP_52M3,NAICSP_52M3,10831526.0,9.665772076289846e-09,0.06985589599660617,1.0384851601810743e-06,DIS,SEX
DIS_2_SEX_1,DIS_2_SEX_2,NAICSP_5617Z,NAICSP_5617Z,9830053.0,0.017007832437533357,-0.0290620028969947,2.0776460491813053e-05,DIS,SEX
DIS_2_SEX_1,DIS_2_SEX_2,NAICSP_622M,NAICSP_622M,9650820.0,0.00012287730111747286,-0.04676527774553956,-0.00024163969572122784,DIS,SEX
DIS_2_SEX_1,DIS_2_SEX_2,NAICSP_713Z,NAICSP_713Z,10482657.0,0.003651655732726679,0.03539726509081876,1.277084660392352e-05,DIS,SEX
DIS_2_SEX_1,DIS_2_SEX_2,NAICSP_9211MP,NAICSP_9211MP,9847794.0,0.024920070182001913,-0.027309681621961453,-8.166815011939665e-06,DIS,SEX
